{"precision": 0.9329329329329329, "sensitivity": 0.9329329329329329, "specificity": 0.9999772391960069, "accuracy": 0.9999544938356127, "f1": 0.9329329329329329}