{"precision": 0.9329329329329329, "recall": 0.9329329329329329, "pid_metrics": {"recall": [0.9329329329329329, 0.9312820512820513, 0.9295478443743428, 0.9291084854994629, 0.9295929592959296, 0.9285714285714286, 0.926829268292683, 0.925, 0.9254278728606357, 0.9258312020460358, 0.9255874673629243, 0.9248322147651007, 0.9227586206896552, 0.9264497878359265, 0.9259796806966618, 0.924219910846954, 0.9222560975609756, 0.9234375, 0.9259259259259259, 0.9271523178807947, 0.9246575342465754, 0.926056338028169, 0.9251824817518248, 0.9257142857142857, 0.9259259259259259, 0.9258517034068137, 0.9267782426778243, 0.9262472885032538, 0.9232505643340858, 0.918854415274463, 0.9267676767676768, 0.9253333333333333, 0.9285714285714286, 0.9281609195402298, 0.9300911854103343, 0.930379746835443, 0.9417808219178082, 0.9388489208633094, 0.9372693726937269, 0.934156378600823, 0.9417040358744395, 0.9458128078817734, 0.9555555555555556, 0.9615384615384616, 0.9571428571428572, 0.9557522123893806, 0.9587628865979382, 0.9615384615384616, 0.9523809523809523, 0.9574468085106383], "min_pid": [95.0, 95.1, 95.2, 95.3, 95.4, 95.5, 95.6, 95.7, 95.8, 95.9, 96.0, 96.1, 96.2, 96.3, 96.4, 96.5, 96.6, 96.7, 96.8, 96.9, 97.0, 97.1, 97.2, 97.3, 97.4, 97.5, 97.6, 97.7, 97.8, 97.9, 98.0, 98.1, 98.2, 98.3, 98.4, 98.5, 98.6, 98.7, 98.8, 98.9, 99.0, 99.1, 99.2, 99.3, 99.4, 99.5, 99.6, 99.7, 99.8, 99.9]}}
